{
  "2015": {
    "gamma": 0.0004901483003754673,
    "rho": 0.18361273407936096,
    "w_norm": 0.6540714502334595,
    "n_landmarks": 300,
    "effective_rank_95": 197,
    "condition_number": 1721.37158203125,
    "dissim_mean": -0.06111976131796837,
    "dissim_std": 0.015744104981422424,
    "dissim_median": -0.06179729104042053,
    "dissim_p95": -0.034638822078704834,
    "dissim_p99": -0.02099473774433136,
    "n_test_total": 99682940,
    "pct_above_zero": 0.02664648534643942,
    "tau": -0.009522261619567858,
    "n_train_scores": 15000,
    "test_pct_above_tau": 0.212838826784202,
    "test_n_above_tau": 212164,
    "latent_mean_of_vars": 7.497632026672363,
    "latent_median_var": 7.355534553527832,
    "latent_min_var": 5.411306381225586,
    "latent_max_var": 12.275786399841309,
    "latent_global_std": 3.792140483856201,
    "dead_dims": 0,
    "rec_error_mean": 0.2718321681022644,
    "rec_error_median": 0.2560848593711853,
    "rec_error_p99": 0.540319561958313,
    "rec_error_std": 0.1274663805961609,
    "rec_dissim_corr": 0.4477442158886633,
    "pca_var_1": 0.055196624249219894,
    "pca_var_2": 0.046387724578380585,
    "pnn_score_mean": NaN,
    "pnn_score_std": NaN,
    "pnn_score_median": NaN,
    "pnn_score_p95": NaN,
    "pnn_score_p99": NaN,
    "pnn_n_total": 99682940,
    "pnn_mu_mean": -4.824918050871929e-06,
    "pnn_mu_std": 1.6449883332825266e-05,
    "pnn_sigma_mean": 4.886350143351592e-05,
    "pnn_sigma_std": 9.139982466876972e-06,
    "pnn_sigma_min": 8.646931746625341e-06,
    "pnn_alpha_mean": 1.2070553302764893,
    "pnn_alpha_std": 0.054634012281894684,
    "pnn_nll_mean": -8.621227137761824,
    "pnn_nll_median": -9.073238636420491,
    "pnn_nll_p99": 0.20081410321473994,
    "pnn_nll_p95": -6.617064110330576,
    "pnn_gain_mean": -5.9962916871704405e-06,
    "pnn_gain_median": 0.0,
    "pnn_gain_p99": 3.0468498835034484e-11,
    "pnn_gain_pct_positive": 15.1,
    "pnn_gain_n_positive": 3020,
    "prae_test_score_mean": 443.7178649902344,
    "prae_test_score_std": 274.99652099609375,
    "prae_test_score_median": 395.6199951171875,
    "prae_test_score_p95": 853.5130615234375,
    "prae_test_score_p99": 1302.001708984375,
    "prae_n_test": 99682940,
    "prae_n_train": 61877,
    "prae_mu_mean": 0.5018208622932434,
    "prae_mu_std": 0.0005314681329764426,
    "prae_mu_min": 0.49809956550598145,
    "prae_mu_max": 0.5024577975273132,
    "prae_mu_range": 0.004358232021331787
  },
  "2017": {
    "gamma": 0.0003493097933554557,
    "rho": -0.15657174587249756,
    "w_norm": 0.20217598974704742,
    "n_landmarks": 300,
    "effective_rank_95": 207,
    "condition_number": 1365.4390869140625,
    "dissim_mean": -0.06111976131796837,
    "dissim_std": 0.015744104981422424,
    "dissim_median": -0.06179729104042053,
    "dissim_p95": -0.034638822078704834,
    "dissim_p99": -0.02099473774433136,
    "n_test_total": 99682940,
    "pct_above_zero": 0.02664648534643942,
    "tau": -0.0019471193850040423,
    "n_train_scores": 15000,
    "test_pct_above_tau": 0.044987637804422706,
    "test_n_above_tau": 44845,
    "latent_mean_of_vars": 10.958734512329102,
    "latent_median_var": 10.81078052520752,
    "latent_min_var": 6.844027996063232,
    "latent_max_var": 18.943307876586914,
    "latent_global_std": 4.6441330909729,
    "dead_dims": 0,
    "rec_error_mean": 0.17370711266994476,
    "rec_error_median": 0.15915778279304504,
    "rec_error_p99": 0.43502551317214966,
    "rec_error_std": 0.0814940333366394,
    "rec_dissim_corr": -0.5381128660776041,
    "pca_var_1": 0.10030925273895264,
    "pca_var_2": 0.07725749164819717,
    "pnn_score_mean": NaN,
    "pnn_score_std": NaN,
    "pnn_score_median": NaN,
    "pnn_score_p95": NaN,
    "pnn_score_p99": NaN,
    "pnn_n_total": 99682940,
    "pnn_mu_mean": -0.00035047458368353546,
    "pnn_mu_std": 0.0008086099987849593,
    "pnn_sigma_mean": 0.00032746526994742453,
    "pnn_sigma_std": 8.857622742652893e-05,
    "pnn_sigma_min": 0.00010687290341593325,
    "pnn_alpha_mean": -0.6812666058540344,
    "pnn_alpha_std": 0.1557641476392746,
    "pnn_nll_mean": -4.28875772331343,
    "pnn_nll_median": -5.723245558672536,
    "pnn_nll_p99": 23.02585087689046,
    "pnn_nll_p95": 2.532267040966713,
    "pnn_gain_mean": -72.30088497632228,
    "pnn_gain_median": -60.50362293624647,
    "pnn_gain_p99": -0.013640657867640025,
    "pnn_gain_pct_positive": 0.1,
    "pnn_gain_n_positive": 20,
    "prae_test_score_mean": 443.7178649902344,
    "prae_test_score_std": 274.99652099609375,
    "prae_test_score_median": 395.6199951171875,
    "prae_test_score_p95": 853.5130615234375,
    "prae_test_score_p99": 1302.001708984375,
    "prae_n_test": 99682940,
    "prae_n_train": 15079,
    "prae_mu_mean": 0.5023449063301086,
    "prae_mu_std": 0.00042264690273441374,
    "prae_mu_min": 0.4970364272594452,
    "prae_mu_max": 0.5032476186752319,
    "prae_mu_range": 0.006211191415786743
  }
}